,MAE,RMSE,R2,MAPE
Linear Regression,257.59869764583937,324.7789399064599,0.6617303660267527,47.621372311233095
Random Forest,15.433221743184564,50.074295985659994,0.9919588715836922,1.3090604512122348
Gradient Boosting,27.385363996502193,43.03106122615805,0.9940618466740252,3.435160002989072
