Month,Monthly_Sales
1,524.5705444808093
2,562.9731732090578
3,689.3953002922407
4,626.1423716687533
5,754.1477137413669
6,817.2230874398145
7,687.646630454247
8,879.6950768863989
9,1002.4378210488592
10,1258.7280424542364
11,1064.3169493549929
12,929.1024434272451
