Year,Total_Sales,Avg_Monthly_Sales,Sales_Std
2020,36527676,725.4319702897543,446.72154735645466
2021,39609937,787.2234875586295,486.88587421921517
2022,42542541,845.8938818523452,521.734270470027
2023,44438763,906.2107549247522,558.4197647845717
